"name","url","license","usedIn","since"
"@apollo/react-common","https://github.com/apollographql/react-apollo","MIT","",""
"@apollo/react-components","https://github.com/apollographql/react-apollo","MIT","",""
"@apollo/react-hoc","https://github.com/apollographql/react-apollo","MIT","",""
"@apollo/react-hooks","https://github.com/apollographql/react-apollo","MIT","",""
"@apollo/react-ssr","https://github.com/apollographql/react-apollo","MIT","",""
"@apollo/react-testing","https://github.com/apollographql/react-apollo","MIT","",""
"@babel/code-frame","https://github.com/babel/babel","MIT","",""
"@babel/compat-data","https://github.com/babel/babel","MIT","",""
"@babel/core","https://github.com/babel/babel","MIT","",""
"@babel/generator","https://github.com/babel/babel","MIT","",""
"@babel/helper-annotate-as-pure","https://github.com/babel/babel","MIT","",""
"@babel/helper-builder-binary-assignment-operator-visitor","https://github.com/babel/babel","MIT","",""
"@babel/helper-builder-react-jsx-experimental","https://github.com/babel/babel","MIT","",""
"@babel/helper-builder-react-jsx","https://github.com/babel/babel","MIT","",""
"@babel/helper-compilation-targets","https://github.com/babel/babel","MIT","",""
"@babel/helper-create-class-features-plugin","https://github.com/babel/babel","MIT","",""
"@babel/helper-create-regexp-features-plugin","https://github.com/babel/babel","MIT","",""
"@babel/helper-define-map","https://github.com/babel/babel","MIT","",""
"@babel/helper-explode-assignable-expression","https://github.com/babel/babel","MIT","",""
"@babel/helper-function-name","https://github.com/babel/babel","MIT","",""
"@babel/helper-get-function-arity","https://github.com/babel/babel","MIT","",""
"@babel/helper-hoist-variables","https://github.com/babel/babel","MIT","",""
"@babel/helper-member-expression-to-functions","https://github.com/babel/babel","MIT","",""
"@babel/helper-module-imports","https://github.com/babel/babel","MIT","",""
"@babel/helper-module-transforms","https://github.com/babel/babel","MIT","",""
"@babel/helper-optimise-call-expression","https://github.com/babel/babel","MIT","",""
"@babel/helper-plugin-utils","https://github.com/babel/babel","MIT","",""
"@babel/helper-regex","https://github.com/babel/babel","MIT","",""
"@babel/helper-remap-async-to-generator","https://github.com/babel/babel","MIT","",""
"@babel/helper-replace-supers","https://github.com/babel/babel","MIT","",""
"@babel/helper-simple-access","https://github.com/babel/babel","MIT","",""
"@babel/helper-skip-transparent-expression-wrappers","https://github.com/babel/babel","MIT","",""
"@babel/helper-split-export-declaration","https://github.com/babel/babel","MIT","",""
"@babel/helper-validator-identifier","https://github.com/babel/babel","MIT","",""
"@babel/helper-wrap-function","https://github.com/babel/babel","MIT","",""
"@babel/helpers","https://github.com/babel/babel","MIT","",""
"@babel/highlight","https://github.com/babel/babel","MIT","",""
"@babel/parser","https://github.com/babel/babel","MIT","",""
"@babel/plugin-proposal-async-generator-functions","https://github.com/babel/babel","MIT","",""
"@babel/plugin-proposal-class-properties","https://github.com/babel/babel","MIT","",""
"@babel/plugin-proposal-dynamic-import","https://github.com/babel/babel","MIT","",""
"@babel/plugin-proposal-export-namespace-from","https://github.com/babel/babel","MIT","",""
"@babel/plugin-proposal-json-strings","https://github.com/babel/babel","MIT","",""
"@babel/plugin-proposal-logical-assignment-operators","https://github.com/babel/babel","MIT","",""
"@babel/plugin-proposal-nullish-coalescing-operator","https://github.com/babel/babel","MIT","",""
"@babel/plugin-proposal-numeric-separator","https://github.com/babel/babel","MIT","",""
"@babel/plugin-proposal-object-rest-spread","https://github.com/babel/babel","MIT","",""
"@babel/plugin-proposal-optional-catch-binding","https://github.com/babel/babel","MIT","",""
"@babel/plugin-proposal-optional-chaining","https://github.com/babel/babel","MIT","",""
"@babel/plugin-proposal-private-methods","https://github.com/babel/babel","MIT","",""
"@babel/plugin-proposal-unicode-property-regex","https://github.com/babel/babel","MIT","",""
"@babel/plugin-syntax-async-generators","https://github.com/babel/babel/tree/master/packages/babel-plugin-syntax-async-generators","MIT","",""
"@babel/plugin-syntax-bigint","https://github.com/babel/babel/tree/master/packages/babel-plugin-syntax-bigint","MIT","",""
"@babel/plugin-syntax-class-properties","https://github.com/babel/babel","MIT","",""
"@babel/plugin-syntax-dynamic-import","https://github.com/babel/babel/tree/master/packages/babel-plugin-syntax-dynamic-import","MIT","",""
"@babel/plugin-syntax-export-namespace-from","https://github.com/babel/babel/tree/master/packages/babel-plugin-syntax-export-namespace-from","MIT","",""
"@babel/plugin-syntax-import-meta","https://github.com/babel/babel","MIT","",""
"@babel/plugin-syntax-json-strings","https://github.com/babel/babel/tree/master/packages/babel-plugin-syntax-json-strings","MIT","",""
"@babel/plugin-syntax-jsx","https://github.com/babel/babel","MIT","",""
"@babel/plugin-syntax-logical-assignment-operators","https://github.com/babel/babel","MIT","",""
"@babel/plugin-syntax-nullish-coalescing-operator","https://github.com/babel/babel/tree/master/packages/babel-plugin-syntax-nullish-coalescing-operator","MIT","",""
"@babel/plugin-syntax-numeric-separator","https://github.com/babel/babel","MIT","",""
"@babel/plugin-syntax-object-rest-spread","https://github.com/babel/babel/tree/master/packages/babel-plugin-syntax-object-rest-spread","MIT","",""
"@babel/plugin-syntax-optional-catch-binding","https://github.com/babel/babel/tree/master/packages/babel-plugin-syntax-optional-catch-binding","MIT","",""
"@babel/plugin-syntax-optional-chaining","https://github.com/babel/babel/tree/master/packages/babel-plugin-syntax-optional-chaining","MIT","",""
"@babel/plugin-syntax-top-level-await","https://github.com/babel/babel","MIT","",""
"@babel/plugin-syntax-typescript","https://github.com/babel/babel","MIT","",""
"@babel/plugin-transform-arrow-functions","https://github.com/babel/babel","MIT","",""
"@babel/plugin-transform-async-to-generator","https://github.com/babel/babel","MIT","",""
"@babel/plugin-transform-block-scoped-functions","https://github.com/babel/babel","MIT","",""
"@babel/plugin-transform-block-scoping","https://github.com/babel/babel","MIT","",""
"@babel/plugin-transform-classes","https://github.com/babel/babel","MIT","",""
"@babel/plugin-transform-computed-properties","https://github.com/babel/babel","MIT","",""
"@babel/plugin-transform-destructuring","https://github.com/babel/babel","MIT","",""
"@babel/plugin-transform-dotall-regex","https://github.com/babel/babel","MIT","",""
"@babel/plugin-transform-duplicate-keys","https://github.com/babel/babel","MIT","",""
"@babel/plugin-transform-exponentiation-operator","https://github.com/babel/babel","MIT","",""
"@babel/plugin-transform-for-of","https://github.com/babel/babel","MIT","",""
"@babel/plugin-transform-function-name","https://github.com/babel/babel","MIT","",""
"@babel/plugin-transform-literals","https://github.com/babel/babel","MIT","",""
"@babel/plugin-transform-member-expression-literals","https://github.com/babel/babel","MIT","",""
"@babel/plugin-transform-modules-amd","https://github.com/babel/babel","MIT","",""
"@babel/plugin-transform-modules-commonjs","https://github.com/babel/babel","MIT","",""
"@babel/plugin-transform-modules-systemjs","https://github.com/babel/babel","MIT","",""
"@babel/plugin-transform-modules-umd","https://github.com/babel/babel","MIT","",""
"@babel/plugin-transform-named-capturing-groups-regex","https://github.com/babel/babel","MIT","",""
"@babel/plugin-transform-new-target","https://github.com/babel/babel","MIT","",""
"@babel/plugin-transform-object-super","https://github.com/babel/babel","MIT","",""
"@babel/plugin-transform-parameters","https://github.com/babel/babel","MIT","",""
"@babel/plugin-transform-property-literals","https://github.com/babel/babel","MIT","",""
"@babel/plugin-transform-react-display-name","https://github.com/babel/babel","MIT","",""
"@babel/plugin-transform-react-jsx-development","https://github.com/babel/babel","MIT","",""
"@babel/plugin-transform-react-jsx-self","https://github.com/babel/babel","MIT","",""
"@babel/plugin-transform-react-jsx-source","https://github.com/babel/babel","MIT","",""
"@babel/plugin-transform-react-jsx","https://github.com/babel/babel","MIT","",""
"@babel/plugin-transform-react-pure-annotations","https://github.com/babel/babel","MIT","",""
"@babel/plugin-transform-regenerator","https://github.com/babel/babel","MIT","",""
"@babel/plugin-transform-reserved-words","https://github.com/babel/babel","MIT","",""
"@babel/plugin-transform-runtime","https://github.com/babel/babel","MIT","",""
"@babel/plugin-transform-shorthand-properties","https://github.com/babel/babel","MIT","",""
"@babel/plugin-transform-spread","https://github.com/babel/babel","MIT","",""
"@babel/plugin-transform-sticky-regex","https://github.com/babel/babel","MIT","",""
"@babel/plugin-transform-template-literals","https://github.com/babel/babel","MIT","",""
"@babel/plugin-transform-typeof-symbol","https://github.com/babel/babel","MIT","",""
"@babel/plugin-transform-typescript","https://github.com/babel/babel","MIT","",""
"@babel/plugin-transform-unicode-escapes","https://github.com/babel/babel","MIT","",""
"@babel/plugin-transform-unicode-regex","https://github.com/babel/babel","MIT","",""
"@babel/preset-env","https://github.com/babel/babel","MIT","",""
"@babel/preset-modules",,"MIT","",""
"@babel/preset-react","https://github.com/babel/babel","MIT","",""
"@babel/preset-typescript","https://github.com/babel/babel","MIT","",""
"@babel/runtime-corejs3","https://github.com/babel/babel","MIT","",""
"@babel/runtime","https://github.com/babel/babel","MIT","",""
"@babel/template","https://github.com/babel/babel","MIT","",""
"@babel/traverse","https://github.com/babel/babel","MIT","",""
"@babel/types","https://github.com/babel/babel","MIT","",""
"@bcoe/v8-coverage","https://github.com/demurgos/v8-coverage","MIT","",""
"@cnakazawa/watch","https://github.com/mikeal/watch","Apache-2.0","",""
"@formatjs/intl-displaynames","https://github.com/formatjs/formatjs","MIT","",""
"@formatjs/intl-listformat","https://github.com/formatjs/formatjs","MIT","",""
"@formatjs/intl-relativetimeformat","https://github.com/formatjs/formatjs","MIT","",""
"@formatjs/intl-unified-numberformat","https://github.com/formatjs/formatjs","MIT","",""
"@formatjs/intl-utils","https://github.com/formatjs/formatjs","MIT","",""
"@istanbuljs/load-nyc-config","https://github.com/istanbuljs/load-nyc-config","ISC","",""
"@istanbuljs/schema","https://github.com/istanbuljs/schema","MIT","",""
"@jest/console","https://github.com/facebook/jest","MIT","",""
"@jest/core","https://github.com/facebook/jest","MIT","",""
"@jest/environment","https://github.com/facebook/jest","MIT","",""
"@jest/fake-timers","https://github.com/facebook/jest","MIT","",""
"@jest/globals","https://github.com/facebook/jest","MIT","",""
"@jest/reporters","https://github.com/facebook/jest","MIT","",""
"@jest/source-map","https://github.com/facebook/jest","MIT","",""
"@jest/test-result","https://github.com/facebook/jest","MIT","",""
"@jest/test-sequencer","https://github.com/facebook/jest","MIT","",""
"@jest/transform","https://github.com/facebook/jest","MIT","",""
"@jest/types","https://github.com/facebook/jest","MIT","",""
"@sheerun/mutationobserver-shim","github.com/megawac/MutationObserver.js","MIT","",""
"@sinonjs/commons","https://github.com/sinonjs/commons","BSD-3-Clause","",""
"@testing-library/dom","https://github.com/testing-library/dom-testing-library","MIT","",""
"@testing-library/jest-dom","https://github.com/testing-library/jest-dom","MIT","",""
"@testing-library/react-hooks","https://github.com/testing-library/react-hooks-testing-library","MIT","",""
"@testing-library/react","https://github.com/testing-library/react-testing-library","MIT","",""
"@types/accepts","https://wwwhub.com/DefinitelyTyped/DefinitelyTyped","MIT","",""
"@types/aria-query","https://github.com/DefinitelyTyped/DefinitelyTyped","MIT","",""
"@types/babel__core","https://github.com/DefinitelyTyped/DefinitelyTyped","MIT","",""
"@types/babel__generator","https://github.com/DefinitelyTyped/DefinitelyTyped","MIT","",""
"@types/babel__template","https://github.com/DefinitelyTyped/DefinitelyTyped","MIT","",""
"@types/babel__traverse","https://github.com/DefinitelyTyped/DefinitelyTyped","MIT","",""
"@types/body-parser","https://github.com/DefinitelyTyped/DefinitelyTyped","MIT","",""
"@types/co-body","https://wwwhub.com/DefinitelyTyped/DefinitelyTyped","MIT","",""
"@types/color-name","https://github.com/DefinitelyTyped/DefinitelyTyped","MIT","",""
"@types/connect","https://github.com/DefinitelyTyped/DefinitelyTyped","MIT","",""
"@types/content-disposition","https://github.com/DefinitelyTyped/DefinitelyTyped","MIT","",""
"@types/cookies","https://github.com/DefinitelyTyped/DefinitelyTyped","MIT","",""
"@types/express-serve-static-core","https://github.com/DefinitelyTyped/DefinitelyTyped","MIT","",""
"@types/express","https://github.com/DefinitelyTyped/DefinitelyTyped","MIT","",""
"@types/graceful-fs","https://github.com/DefinitelyTyped/DefinitelyTyped","MIT","",""
"@types/graphql","https://github.com/graphql/graphql-js","MIT","",""
"@types/hoist-non-react-statics","https://github.com/DefinitelyTyped/DefinitelyTyped","MIT","",""
"@types/http-assert","https://github.com/DefinitelyTyped/DefinitelyTyped","MIT","",""
"@types/http-errors","https://github.com/DefinitelyTyped/DefinitelyTyped","MIT","",""
"@types/invariant","https://github.com/DefinitelyTyped/DefinitelyTyped","MIT","",""
"@types/istanbul-lib-coverage","https://github.com/DefinitelyTyped/DefinitelyTyped","MIT","",""
"@types/istanbul-lib-report","https://github.com/DefinitelyTyped/DefinitelyTyped","MIT","",""
"@types/istanbul-reports","https://github.com/DefinitelyTyped/DefinitelyTyped","MIT","",""
"@types/jest","https://github.com/DefinitelyTyped/DefinitelyTyped","MIT","",""
"@types/keygrip","https://github.com/DefinitelyTyped/DefinitelyTyped","MIT","",""
"@types/koa-compose","https://github.com/DefinitelyTyped/DefinitelyTyped","MIT","",""
"@types/koa","https://github.com/DefinitelyTyped/DefinitelyTyped","MIT","",""
"@types/mime","https://github.com/DefinitelyTyped/DefinitelyTyped","MIT","",""
"@types/node","https://github.com/DefinitelyTyped/DefinitelyTyped","MIT","",""
"@types/normalize-package-data","https://wwwhub.com/DefinitelyTyped/DefinitelyTyped","MIT","",""
"@types/prettier","https://github.com/DefinitelyTyped/DefinitelyTyped","MIT","",""
"@types/prop-types","https://github.com/DefinitelyTyped/DefinitelyTyped","MIT","",""
"@types/qs","https://github.com/DefinitelyTyped/DefinitelyTyped","MIT","",""
"@types/range-parser","https://github.com/DefinitelyTyped/DefinitelyTyped","MIT","",""
"@types/react-dom","https://github.com/DefinitelyTyped/DefinitelyTyped","MIT","",""
"@types/react-intl","https://github.com/DefinitelyTyped/DefinitelyTyped","MIT","",""
"@types/react-test-renderer","https://github.com/DefinitelyTyped/DefinitelyTyped","MIT","",""
"@types/react","https://github.com/DefinitelyTyped/DefinitelyTyped","MIT","",""
"@types/serve-static","https://github.com/DefinitelyTyped/DefinitelyTyped","MIT","",""
"@types/stack-utils","https://wwwhub.com/DefinitelyTyped/DefinitelyTyped","MIT","",""
"@types/testing-library__dom","https://github.com/testing-library/dom-testing-library","MIT","",""
"@types/testing-library__jest-dom","https://github.com/DefinitelyTyped/DefinitelyTyped","MIT","",""
"@types/testing-library__react-hooks","https://github.com/DefinitelyTyped/DefinitelyTyped","MIT","",""
"@types/testing-library__react","https://github.com/DefinitelyTyped/DefinitelyTyped","MIT","",""
"@types/yargs-parser","https://github.com/DefinitelyTyped/DefinitelyTyped","MIT","",""
"@types/yargs","https://github.com/DefinitelyTyped/DefinitelyTyped","MIT","",""
"@types/zen-observable","https://github.com/DefinitelyTyped/DefinitelyTyped","MIT","",""
"@vtex/api","https://github.com/vtex/node-vtex-api","MIT","",""
"@vtex/butik",,"MIT","",""
"@vtex/micro-assets",,"MIT","",""
"@vtex/micro-cli",,"MIT","",""
"@vtex/micro-core",,"MIT","",""
"@vtex/micro-css",,"MIT","",""
"@vtex/micro-react-intl",,"MIT","",""
"@vtex/micro-react-router",,"MIT","",""
"@vtex/micro-react",,"MIT","",""
"@vtex/micro-server",,"MIT","",""
"@vtex/test-tools","https://github.com/vtex/test-tools","MIT","",""
"@vtex/tsconfig",,"MIT","",""
"@vtex/vtex-scripts","https://github.com/vtex-apps/vtex-scripts","ISC","",""
"@wry/context","https://github.com/benjamn/wryware","MIT","",""
"@wry/equality","https://github.com/benjamn/wryware","MIT","",""
"abab","https://github.com/jsdom/abab","BSD-3-Clause","",""
"accepts","https://github.com/jshttp/accepts","MIT","",""
"acorn-globals","https://github.com/ForbesLindesay/acorn-globals","MIT","",""
"acorn-walk","https://github.com/acornjs/acorn","MIT","",""
"acorn","https://github.com/acornjs/acorn","MIT","",""
"agentkeepalive","https://github.com/node-modules/agentkeepalive","MIT","",""
"ajv","https://github.com/ajv-validator/ajv","MIT","",""
"ansi-escapes","https://github.com/sindresorhus/ansi-escapes","MIT","",""
"ansi-regex","https://github.com/chalk/ansi-regex","MIT","",""
"ansi-styles","https://github.com/chalk/ansi-styles","MIT","",""
"any-promise","https://github.com/kevinbeaty/any-promise","MIT","",""
"anymatch","https://github.com/micromatch/anymatch","ISC","",""
"apollo-cache-inmemory","https://github.com/apollographql/apollo-client","MIT","",""
"apollo-cache","https://github.com/apollographql/apollo-client","MIT","",""
"apollo-client","https://github.com/apollographql/apollo-client","MIT","",""
"apollo-link","https://github.com/apollographql/apollo-link","MIT","",""
"apollo-server-errors","https://github.com/apollographql/apollo-server","MIT","",""
"apollo-utilities","https://github.com/apollographql/apollo-client","MIT","",""
"archiver-utils","https://github.com/archiverjs/archiver-utils","MIT","",""
"archiver","https://github.com/archiverjs/node-archiver","MIT","",""
"argparse","https://github.com/nodeca/argparse","MIT","",""
"aria-query","https://github.com/A11yance/aria-query","Apache-2.0","",""
"arr-diff","https://github.com/jonschlinkert/arr-diff","MIT","",""
"arr-flatten","https://github.com/jonschlinkert/arr-flatten","MIT","",""
"arr-union","https://github.com/jonschlinkert/arr-union","MIT","",""
"array-equal","https://github.com/component/array-equal","MIT","",""
"array-unique","https://github.com/jonschlinkert/array-unique","MIT","",""
"asn1","https://github.com/joyent/node-asn1","MIT","",""
"assert-plus","https://github.com/mcavage/node-assert-plus","MIT","",""
"assign-symbols","https://github.com/jonschlinkert/assign-symbols","MIT","",""
"astral-regex","https://github.com/kevva/astral-regex","MIT","",""
"async-limiter","https://github.com/strml/async-limiter","MIT","",""
"async","https://github.com/caolan/async","MIT","",""
"asynckit","https://github.com/alexindigo/asynckit","MIT","",""
"atob","git://git.coolaj86.com/coolaj86/atob.js","(MIT OR Apache-2.0)","",""
"aws-sign2","https://github.com/mikeal/aws-sign","Apache-2.0","",""
"aws4","github:mhart/aws4","MIT","",""
"axios-retry","https://github.com/softonic/axios-retry","Apache-2.0","",""
"axios","https://github.com/axios/axios","MIT","",""
"babel-jest","https://github.com/facebook/jest","MIT","",""
"babel-plugin-const-enum","https://github.com/dosentmatter/babel-plugin-const-enum","MIT","",""
"babel-plugin-dynamic-import-node","https://github.com/airbnb/babel-plugin-dynamic-import-node","MIT","",""
"babel-plugin-istanbul","https://github.com/istanbuljs/babel-plugin-istanbul","BSD-3-Clause","",""
"babel-plugin-jest-hoist","https://github.com/facebook/jest","MIT","",""
"babel-preset-current-node-syntax","https://github.com/nicolo-ribaudo/babel-preset-current-node-syntax","MIT","",""
"babel-preset-jest","https://github.com/facebook/jest","MIT","",""
"balanced-match","https://github.com/juliangruber/balanced-match","MIT","",""
"base64-js","https://github.com/beatgammit/base64-js","MIT","",""
"base","https://github.com/node-base/base","MIT","",""
"bcrypt-pbkdf","https://github.com/joyent/node-bcrypt-pbkdf","BSD-3-Clause","",""
"bindings","https://github.com/TooTallNate/node-bindings","MIT","",""
"bintrees","https://github.com/vadimg/js_bintrees","MIT*","",""
"bl","https://github.com/rvagg/bl","MIT","",""
"bluebird","https://github.com/petkaantonov/bluebird","MIT","",""
"brace-expansion","https://github.com/juliangruber/brace-expansion","MIT","",""
"braces","https://github.com/micromatch/braces","MIT","",""
"browser-process-hrtime","https://github.com/kumavis/browser-process-hrtime","BSD-2-Clause","",""
"browser-resolve","https://github.com/shtylman/node-browser-resolve","MIT","",""
"browserslist","https://github.com/browserslist/browserslist","MIT","",""
"bser","https://github.com/facebook/watchman","Apache-2.0","",""
"buffer-crc32","https://github.com/brianloveswords/buffer-crc32","MIT","",""
"buffer-from","https://github.com/LinusU/buffer-from","MIT","",""
"buffer","https://github.com/feross/buffer","MIT","",""
"bufrw","https://github.com/uber/bufrw","MIT","",""
"builtin-modules","https://github.com/sindresorhus/builtin-modules","MIT","",""
"busboy","http://github.com/mscdex/busboy","MIT","",""
"bytes","https://github.com/visionmedia/bytes.js","MIT","",""
"cache-base","https://github.com/jonschlinkert/cache-base","MIT","",""
"cache-content-type","https://github.com/node-modules/cache-content-type","MIT","",""
"callsites","https://github.com/sindresorhus/callsites","MIT","",""
"camelcase","https://github.com/sindresorhus/camelcase","MIT","",""
"caniuse-lite","https://github.com/ben-eb/caniuse-lite","CC-BY-4.0","",""
"capture-exit","https://github.com/stefanpenner/capture-exit","ISC","",""
"caseless","https://github.com/mikeal/caseless","Apache-2.0","",""
"chalk","https://github.com/chalk/chalk","MIT","",""
"chownr","https://github.com/isaacs/chownr","ISC","",""
"ci-info","https://github.com/watson/ci-info","MIT","",""
"class-utils","https://github.com/jonschlinkert/class-utils","MIT","",""
"cliui","http://github.com/yargs/cliui","ISC","",""
"co-body","https://github.com/cojs/co-body","MIT","",""
"co","https://github.com/tj/co","MIT","",""
"collect-v8-coverage","https://github.com/SimenB/collect-v8-coverage","MIT","",""
"collection-visit","https://github.com/jonschlinkert/collection-visit","MIT","",""
"color-convert","https://github.com/Qix-/color-convert","MIT","",""
"color-name","https://github.com/colorjs/color-name","MIT","",""
"combined-stream","https://github.com/felixge/node-combined-stream","MIT","",""
"commander","https://github.com/tj/commander.js","MIT","",""
"component-emitter","https://github.com/component/emitter","MIT","",""
"compress-commons","https://github.com/archiverjs/node-compress-commons","MIT","",""
"compressible","https://github.com/jshttp/compressible","MIT","",""
"concat-map","https://github.com/substack/node-concat-map","MIT","",""
"content-disposition","https://github.com/jshttp/content-disposition","MIT","",""
"content-type","https://github.com/jshttp/content-type","MIT","",""
"convert-source-map","https://github.com/thlorenz/convert-source-map","MIT","",""
"cookie","https://github.com/jshttp/cookie","MIT","",""
"cookies","https://github.com/pillarjs/cookies","MIT","",""
"copy-descriptor","https://github.com/jonschlinkert/copy-descriptor","MIT","",""
"core-js-compat","https://github.com/zloirock/core-js","MIT","",""
"core-js-pure","https://github.com/zloirock/core-js","MIT","",""
"core-util-is","https://github.com/isaacs/core-util-is","MIT","",""
"crc32-stream","https://github.com/archiverjs/node-crc32-stream","MIT","",""
"crc","https://github.com/alexgorbatchev/node-crc","MIT","",""
"cross-spawn","https://github.com/moxystudio/node-cross-spawn","MIT","",""
"css.escape","https://github.com/mathiasbynens/CSS.escape","MIT","",""
"css","https://github.com/reworkcss/css","MIT","",""
"cssfilter","https://github.com/leizongmin/js-css-filter","MIT","",""
"cssom","https://github.com/NV/CSSOM","MIT","",""
"cssstyle","https://github.com/jsdom/cssstyle","MIT","",""
"csstype","https://github.com/frenic/csstype","MIT","",""
"cypress-example",,"ISC","",""
"dashdash","https://github.com/trentm/node-dashdash","MIT","",""
"data-urls","https://github.com/jsdom/data-urls","MIT","",""
"dataloader","http://github.com/facebook/dataloader","BSD-3-Clause","",""
"debug","https://github.com/visionmedia/debug","MIT","",""
"decamelize","https://github.com/sindresorhus/decamelize","MIT","",""
"decode-uri-component","https://github.com/SamVerschueren/decode-uri-component","MIT","",""
"deep-equal","http://github.com/substack/node-deep-equal","MIT","",""
"deep-is","http://github.com/thlorenz/deep-is","MIT","",""
"deepmerge","https://github.com/TehShrike/deepmerge","MIT","",""
"define-properties","https://github.com/ljharb/define-properties","MIT","",""
"define-property","https://github.com/jonschlinkert/define-property","MIT","",""
"delayed-stream","https://github.com/felixge/node-delayed-stream","MIT","",""
"delegates","https://github.com/visionmedia/node-delegates","MIT","",""
"depd","https://github.com/dougwilson/nodejs-depd","MIT","",""
"deprecated-decorator","https://github.com/vilic/deprecated-decorator","MIT","",""
"destroy","https://github.com/stream-utils/destroy","MIT","",""
"detect-newline","https://github.com/sindresorhus/detect-newline","MIT","",""
"dicer","http://github.com/mscdex/dicer","MIT","",""
"diff-sequences","https://github.com/facebook/jest","MIT","",""
"diff","https://github.com/kpdecker/jsdiff","BSD-3-Clause","",""
"doctrine","http://github.com/eslint/doctrine","BSD","",""
"dom-accessibility-api","https://github.com/eps1lon/dom-accessibility-api","MIT","",""
"domexception","https://github.com/jsdom/domexception","MIT","",""
"ecc-jsbn","https://github.com/quartzjer/ecc-jsbn","MIT","",""
"ee-first","https://github.com/jonathanong/ee-first","MIT","",""
"electron-to-chromium","https://github.com/kilian/electron-to-chromium/","ISC","",""
"emoji-regex","https://github.com/mathiasbynens/emoji-regex","MIT","",""
"encodeurl","https://github.com/pillarjs/encodeurl","MIT","",""
"end-of-stream","https://github.com/mafintosh/end-of-stream","MIT","",""
"error-ex","https://github.com/qix-/node-error-ex","MIT","",""
"error","https://github.com/Raynos/error","MIT","",""
"es-abstract","https://github.com/ljharb/es-abstract","MIT","",""
"es-to-primitive","https://github.com/ljharb/es-to-primitive","MIT","",""
"escalade","https://github.com/lukeed/escalade","MIT","",""
"escape-html","https://github.com/component/escape-html","MIT","",""
"escape-string-regexp","https://github.com/sindresorhus/escape-string-regexp","MIT","",""
"escodegen","http://github.com/estools/escodegen","BSD-2-Clause","",""
"esprima","https://github.com/jquery/esprima","BSD-2-Clause","",""
"estraverse","http://github.com/estools/estraverse","BSD-2-Clause","",""
"esutils","http://github.com/estools/esutils","BSD-2-Clause","",""
"exec-sh","https://github.com/tsertkov/exec-sh","MIT","",""
"execa","https://github.com/sindresorhus/execa","MIT","",""
"exit","https://github.com/cowboy/node-exit","MIT","",""
"expand-brackets","https://github.com/jonschlinkert/expand-brackets","MIT","",""
"expect","https://github.com/facebook/jest","MIT","",""
"extend-shallow","https://github.com/jonschlinkert/extend-shallow","MIT","",""
"extend","https://github.com/justmoon/node-extend","MIT","",""
"extglob","https://github.com/micromatch/extglob","MIT","",""
"extsprintf","https://github.com/davepacheco/node-extsprintf","MIT","",""
"fast-deep-equal","https://github.com/epoberezkin/fast-deep-equal","MIT","",""
"fast-json-stable-stringify","https://github.com/epoberezkin/fast-json-stable-stringify","MIT","",""
"fast-levenshtein","https://github.com/hiddentao/fast-levenshtein","MIT","",""
"fb-watchman","https://github.com/facebook/watchman","Apache-2.0","",""
"file-uri-to-path","https://github.com/TooTallNate/file-uri-to-path","MIT","",""
"fill-range","https://github.com/jonschlinkert/fill-range","MIT","",""
"find-up","https://github.com/sindresorhus/find-up","MIT","",""
"follow-redirects","https://github.com/follow-redirects/follow-redirects","MIT","",""
"for-in","https://github.com/jonschlinkert/for-in","MIT","",""
"forever-agent","https://github.com/mikeal/forever-agent","Apache-2.0","",""
"form-data","https://github.com/form-data/form-data","MIT","",""
"fragment-cache","https://github.com/jonschlinkert/fragment-cache","MIT","",""
"fresh","https://github.com/jshttp/fresh","MIT","",""
"fs-capacitor","github:mike-marcacci/fs-capacitor","MIT","",""
"fs-constants","https://github.com/mafintosh/fs-constants","MIT","",""
"fs-extra","https://github.com/jprichardson/node-fs-extra","MIT","",""
"fs.realpath","https://github.com/isaacs/fs.realpath","ISC","",""
"fsevents","https://github.com/fsevents/fsevents","MIT","",""
"function-bind","https://github.com/Raynos/function-bind","MIT","",""
"gensync",,"MIT","",""
"get-caller-file","https://github.com/stefanpenner/get-caller-file","ISC","",""
"get-package-type","https://github.com/cfware/get-package-type","MIT","",""
"get-stream","https://github.com/sindresorhus/get-stream","MIT","",""
"get-value","https://github.com/jonschlinkert/get-value","MIT","",""
"getpass","https://github.com/arekinath/node-getpass","MIT","",""
"glob","https://github.com/isaacs/node-glob","ISC","",""
"globals","https://github.com/sindresorhus/globals","MIT","",""
"graceful-fs","https://github.com/isaacs/node-graceful-fs","ISC","",""
"graphql-tag","https://github.com/apollostack/graphql-tag","MIT","",""
"graphql-tools","https://github.com/apollographql/graphql-tools","MIT","",""
"graphql-upload","github:jaydenseric/graphql-upload","MIT","",""
"graphql","https://github.com/graphql/graphql-js","MIT","",""
"growly","http://github.com/theabraham/growly","MIT","",""
"har-schema","https://github.com/ahmadnassri/har-schema","ISC","",""
"har-validator","https://github.com/ahmadnassri/node-har-validator","MIT","",""
"harmony-reflect","https://tvcutsem@github.com/tvcutsem/harmony-reflect","(Apache-2.0 OR MPL-1.1)","",""
"has-flag","https://github.com/sindresorhus/has-flag","MIT","",""
"has-symbols","https://github.com/ljharb/has-symbols","MIT","",""
"has-value","https://github.com/jonschlinkert/has-value","MIT","",""
"has-values","https://github.com/jonschlinkert/has-values","MIT","",""
"has","https://github.com/tarruda/has","MIT","",""
"hexer","https://github.com/jcorbin/hexer","MIT","",""
"hoist-non-react-statics","https://github.com/mridgway/hoist-non-react-statics","BSD-3-Clause","",""
"hosted-git-info","https://github.com/npm/hosted-git-info","ISC","",""
"html-encoding-sniffer","https://github.com/jsdom/html-encoding-sniffer","MIT","",""
"html-escaper","https://github.com/WebReflection/html-escaper","MIT","",""
"http-assert","https://github.com/jshttp/http-assert","MIT","",""
"http-errors","https://github.com/jshttp/http-errors","MIT","",""
"http-signature","https://github.com/joyent/node-http-signature","MIT","",""
"human-signals","https://github.com/ehmicky/human-signals","Apache-2.0","",""
"humanize-ms","https://github.com/node-modules/humanize-ms","MIT","",""
"iconv-lite","https://github.com/ashtuchkin/iconv-lite","MIT","",""
"identity-obj-proxy","https://github.com/keyanzhang/identity-obj-proxy","MIT","",""
"ieee754","https://github.com/feross/ieee754","BSD-3-Clause","",""
"import-local","https://github.com/sindresorhus/import-local","MIT","",""
"imurmurhash","https://github.com/jensyt/imurmurhash-js","MIT","",""
"indent-string","https://github.com/sindresorhus/indent-string","MIT","",""
"inflation","https://github.com/stream-utils/inflation","MIT","",""
"inflight","https://github.com/npm/inflight","ISC","",""
"inherits","https://github.com/isaacs/inherits","ISC","",""
"intl-format-cache","https://github.com/formatjs/formatjs","BSD-3-Clause","",""
"intl-messageformat-parser","https://github.com/formatjs/formatjs","BSD-3-Clause","",""
"intl-messageformat","https://github.com/formatjs/formatjs","BSD-3-Clause","",""
"intl-relativeformat","https://github.com/yahoo/intl-relativeformat","BSD-3-Clause","",""
"invariant","https://github.com/zertosh/invariant","MIT","",""
"ip-regex","https://github.com/sindresorhus/ip-regex","MIT","",""
"is-accessor-descriptor","https://github.com/jonschlinkert/is-accessor-descriptor","MIT","",""
"is-arrayish","https://github.com/qix-/node-is-arrayish","MIT","",""
"is-buffer","https://github.com/feross/is-buffer","MIT","",""
"is-callable","https://github.com/ljharb/is-callable","MIT","",""
"is-ci","https://github.com/watson/is-ci","MIT","",""
"is-data-descriptor","https://github.com/jonschlinkert/is-data-descriptor","MIT","",""
"is-date-object","https://github.com/ljharb/is-date-object","MIT","",""
"is-descriptor","https://github.com/jonschlinkert/is-descriptor","MIT","",""
"is-docker","https://github.com/sindresorhus/is-docker","MIT","",""
"is-extendable","https://github.com/jonschlinkert/is-extendable","MIT","",""
"is-fullwidth-code-point","https://github.com/sindresorhus/is-fullwidth-code-point","MIT","",""
"is-generator-fn","https://github.com/sindresorhus/is-generator-fn","MIT","",""
"is-generator-function","https://github.com/ljharb/is-generator-function","MIT","",""
"is-number","https://github.com/jonschlinkert/is-number","MIT","",""
"is-plain-object","https://github.com/jonschlinkert/is-plain-object","MIT","",""
"is-regex","https://github.com/ljharb/is-regex","MIT","",""
"is-retry-allowed","https://github.com/floatdrop/is-retry-allowed","MIT","",""
"is-stream","https://github.com/sindresorhus/is-stream","MIT","",""
"is-symbol","https://github.com/inspect-js/is-symbol","MIT","",""
"is-typedarray","https://github.com/hughsk/is-typedarray","MIT","",""
"is-windows","https://github.com/jonschlinkert/is-windows","MIT","",""
"is-wsl","https://github.com/sindresorhus/is-wsl","MIT","",""
"isarray","https://github.com/juliangruber/isarray","MIT","",""
"isexe","https://github.com/isaacs/isexe","ISC","",""
"isnumber","https://github.com/brycebaril/node-isnumber","MIT","",""
"isobject","https://github.com/jonschlinkert/isobject","MIT","",""
"isstream","https://github.com/rvagg/isstream","MIT","",""
"istanbul-lib-coverage","https://github.com/istanbuljs/istanbuljs","BSD-3-Clause","",""
"istanbul-lib-instrument","https://github.com/istanbuljs/istanbuljs","BSD-3-Clause","",""
"istanbul-lib-report","https://github.com/istanbuljs/istanbuljs","BSD-3-Clause","",""
"istanbul-lib-source-maps","https://github.com/istanbuljs/istanbuljs","BSD-3-Clause","",""
"istanbul-reports","https://github.com/istanbuljs/istanbuljs","BSD-3-Clause","",""
"iterall","github:leebyron/iterall","MIT","",""
"jaeger-client","https://github.com/jaegertracing/jaeger-client-node","Apache-2.0","",""
"jest-changed-files","https://github.com/facebook/jest","MIT","",""
"jest-cli","https://github.com/facebook/jest","MIT","",""
"jest-config","https://github.com/facebook/jest","MIT","",""
"jest-diff","https://github.com/facebook/jest","MIT","",""
"jest-docblock","https://github.com/facebook/jest","MIT","",""
"jest-each","https://github.com/facebook/jest","MIT","",""
"jest-environment-jsdom","https://github.com/facebook/jest","MIT","",""
"jest-environment-node","https://github.com/facebook/jest","MIT","",""
"jest-get-type","https://github.com/facebook/jest","MIT","",""
"jest-haste-map","https://github.com/facebook/jest","MIT","",""
"jest-jasmine2","https://github.com/facebook/jest","MIT","",""
"jest-leak-detector","https://github.com/facebook/jest","MIT","",""
"jest-matcher-utils","https://github.com/facebook/jest","MIT","",""
"jest-message-util","https://github.com/facebook/jest","MIT","",""
"jest-mock","https://github.com/facebook/jest","MIT","",""
"jest-pnp-resolver","https://github.com/arcanis/jest-pnp-resolver","MIT","",""
"jest-regex-util","https://github.com/facebook/jest","MIT","",""
"jest-resolve-dependencies","https://github.com/facebook/jest","MIT","",""
"jest-resolve","https://github.com/facebook/jest","MIT","",""
"jest-runner","https://github.com/facebook/jest","MIT","",""
"jest-runtime","https://github.com/facebook/jest","MIT","",""
"jest-serializer","https://github.com/facebook/jest","MIT","",""
"jest-snapshot","https://github.com/facebook/jest","MIT","",""
"jest-transform-graphql","https://github.com/remind101/jest-transform-graphql","ISC","",""
"jest-util","https://github.com/facebook/jest","MIT","",""
"jest-validate","https://github.com/facebook/jest","MIT","",""
"jest-watcher","https://github.com/facebook/jest","MIT","",""
"jest-worker","https://github.com/facebook/jest","MIT","",""
"jest","https://github.com/facebook/jest","MIT","",""
"js-base64","https://github.com/dankogai/js-base64","BSD-3-Clause","",""
"js-tokens","https://github.com/lydell/js-tokens","MIT","",""
"js-yaml","https://github.com/nodeca/js-yaml","MIT","",""
"jsbn","https://github.com/andyperlitch/jsbn","MIT","",""
"jsdom","https://github.com/jsdom/jsdom","MIT","",""
"jsesc","https://github.com/mathiasbynens/jsesc","MIT","",""
"json-parse-better-errors","https://github.com/zkat/json-parse-better-errors","MIT","",""
"json-parse-even-better-errors","https://github.com/npm/json-parse-even-better-errors","MIT","",""
"json-schema-traverse","https://github.com/epoberezkin/json-schema-traverse","MIT","",""
"json-schema","http://github.com/kriszyp/json-schema","AFLv2.1,BSD","",""
"json-stringify-safe","https://github.com/isaacs/json-stringify-safe","ISC","",""
"json5","https://github.com/json5/json5","MIT","",""
"jsonfile","https://github.com/jprichardson/node-jsonfile","MIT","",""
"jsprim","https://github.com/joyent/node-jsprim","MIT","",""
"keygrip","https://github.com/crypto-utils/keygrip","MIT","",""
"kind-of","https://github.com/jonschlinkert/kind-of","MIT","",""
"kleur","https://github.com/lukeed/kleur","MIT","",""
"koa-compose","https://github.com/koajs/compose","MIT","",""
"koa-compress","https://github.com/koajs/compress","MIT","",""
"koa-convert","https://github.com/gyson/koa-convert","MIT","",""
"koa-is-json","https://github.com/koajs/is-json","MIT","",""
"koa-router","https://github.com/alexmingoia/koa-router","MIT","",""
"koa","https://github.com/koajs/koa","MIT","",""
"lazystream","https://github.com/jpommerening/node-lazystream","MIT","",""
"left-pad","https://github.com/stevemao/left-pad","WTFPL","",""
"leven","https://github.com/sindresorhus/leven","MIT","",""
"levenary","https://github.com/tanhauhau/levenary","MIT","",""
"levn","https://github.com/gkz/levn","MIT","",""
"lines-and-columns","https://github.com/eventualbuddha/lines-and-columns","MIT","",""
"load-json-file","https://github.com/sindresorhus/load-json-file","MIT","",""
"locate-path","https://github.com/sindresorhus/locate-path","MIT","",""
"lodash.defaults","https://github.com/lodash/lodash","MIT","",""
"lodash.difference","https://github.com/lodash/lodash","MIT","",""
"lodash.flatten","https://github.com/lodash/lodash","MIT","",""
"lodash.isequal","https://github.com/lodash/lodash","MIT","",""
"lodash.isplainobject","https://github.com/lodash/lodash","MIT","",""
"lodash.sortby","https://github.com/lodash/lodash","MIT","",""
"lodash.union","https://github.com/lodash/lodash","MIT","",""
"lodash","https://github.com/lodash/lodash","MIT","",""
"lolex","http://github.com/sinonjs/lolex","BSD-3-Clause","",""
"long","https://github.com/dcodeIO/Long.js","Apache-2.0","",""
"loose-envify","https://github.com/zertosh/loose-envify","MIT","",""
"lru-cache","https://github.com/isaacs/node-lru-cache","ISC","",""
"make-dir","https://github.com/sindresorhus/make-dir","MIT","",""
"makeerror","https://github.com/daaku/nodejs-makeerror","BSD-3-Clause","",""
"map-cache","https://github.com/jonschlinkert/map-cache","MIT","",""
"map-visit","https://github.com/jonschlinkert/map-visit","MIT","",""
"media-typer","https://github.com/jshttp/media-typer","MIT","",""
"merge-stream","https://github.com/grncdr/merge-stream","MIT","",""
"methods","https://github.com/jshttp/methods","MIT","",""
"micro.js",,"MIT","",""
"micromatch","https://github.com/micromatch/micromatch","MIT","",""
"mime-db","https://github.com/jshttp/mime-db","MIT","",""
"mime-types","https://github.com/jshttp/mime-types","MIT","",""
"mimic-fn","https://github.com/sindresorhus/mimic-fn","MIT","",""
"min-indent","https://github.com/thejameskyle/min-indent","MIT","",""
"minimatch","https://github.com/isaacs/minimatch","ISC","",""
"minimist","https://github.com/substack/minimist","MIT","",""
"mixin-deep","https://github.com/jonschlinkert/mixin-deep","MIT","",""
"mkdirp-classic","https://github.com/mafintosh/mkdirp-classic","MIT","",""
"mkdirp","https://github.com/substack/node-mkdirp","MIT","",""
"ms","https://github.com/zeit/ms","MIT","",""
"nan","https://github.com/nodejs/nan","MIT","",""
"nanomatch","https://github.com/micromatch/nanomatch","MIT","",""
"natural-compare","https://github.com/litejs/natural-compare-lite","MIT","",""
"negotiator","https://github.com/jshttp/negotiator","MIT","",""
"nice-try","https://github.com/electerious/nice-try","MIT","",""
"node-int64","https://github.com/broofa/node-int64","MIT","",""
"node-modules-regexp","https://github.com/jamestalmage/node-modules-regexp","MIT","",""
"node-notifier","https://github.com/mikaelbr/node-notifier","MIT","",""
"node-releases","https://github.com/chicoxyzzy/node-releases","MIT","",""
"node",,"ISC","",""
"normalize-package-data","https://github.com/npm/normalize-package-data","BSD-2-Clause","",""
"normalize-path","https://github.com/jonschlinkert/normalize-path","MIT","",""
"npm-run-path","https://github.com/sindresorhus/npm-run-path","MIT","",""
"nwsapi","https://github.com/dperini/nwsapi","MIT","",""
"oauth-sign","https://github.com/mikeal/oauth-sign","Apache-2.0","",""
"object-assign","https://github.com/sindresorhus/object-assign","MIT","",""
"object-copy","https://github.com/jonschlinkert/object-copy","MIT","",""
"object-inspect","https://github.com/inspect-js/object-inspect","MIT","",""
"object-keys","https://github.com/ljharb/object-keys","MIT","",""
"object-path","https://github.com/mariocasciaro/object-path","MIT","",""
"object-visit","https://github.com/jonschlinkert/object-visit","MIT","",""
"object.assign","https://github.com/ljharb/object.assign","MIT","",""
"object.getownpropertydescriptors","https://github.com/es-shims/object.getownpropertydescriptors","MIT","",""
"object.pick","https://github.com/jonschlinkert/object.pick","MIT","",""
"on-finished","https://github.com/jshttp/on-finished","MIT","",""
"once","https://github.com/isaacs/once","ISC","",""
"onetime","https://github.com/sindresorhus/onetime","MIT","",""
"only","https://github.com/visionmedia/node-only","MIT*","",""
"opentracing","https://github.com/opentracing/opentracing-javascript","Apache-2.0","",""
"optimism","https://github.com/benjamn/optimism","MIT","",""
"optionator","https://github.com/gkz/optionator","MIT","",""
"p-each-series","https://github.com/sindresorhus/p-each-series","MIT","",""
"p-finally","https://github.com/sindresorhus/p-finally","MIT","",""
"p-limit","https://github.com/sindresorhus/p-limit","MIT","",""
"p-locate","https://github.com/sindresorhus/p-locate","MIT","",""
"p-reduce","https://github.com/sindresorhus/p-reduce","MIT","",""
"p-try","https://github.com/sindresorhus/p-try","MIT","",""
"parse-json","https://github.com/sindresorhus/parse-json","MIT","",""
"parse5","https://github.com/inikulin/parse5","MIT","",""
"parseurl","https://github.com/pillarjs/parseurl","MIT","",""
"pascalcase","https://github.com/jonschlinkert/pascalcase","MIT","",""
"path-exists","https://github.com/sindresorhus/path-exists","MIT","",""
"path-is-absolute","https://github.com/sindresorhus/path-is-absolute","MIT","",""
"path-key","https://github.com/sindresorhus/path-key","MIT","",""
"path-parse","https://github.com/jbgutierrez/path-parse","MIT","",""
"path-to-regexp","https://github.com/pillarjs/path-to-regexp","MIT","",""
"path-type","https://github.com/sindresorhus/path-type","MIT","",""
"performance-now","https://github.com/braveg1rl/performance-now","MIT","",""
"picomatch","https://github.com/micromatch/picomatch","MIT","",""
"pify","https://github.com/sindresorhus/pify","MIT","",""
"pirates","https://github.com/ariporad/pirates","MIT","",""
"pkg-dir","https://github.com/sindresorhus/pkg-dir","MIT","",""
"pn","https://github.com/cscott/node-pn","MIT","",""
"posix-character-classes","https://github.com/jonschlinkert/posix-character-classes","MIT","",""
"prelude-ls","https://github.com/gkz/prelude-ls","MIT","",""
"pretty-format","https://github.com/facebook/jest","MIT","",""
"process-nextick-args","https://github.com/calvinmetcalf/process-nextick-args","MIT","",""
"product-kit",,"ISC","",""
"prom-client","https://github.com/siimon/prom-client","Apache-2.0","",""
"prompts","https://github.com/terkelg/prompts","MIT","",""
"prop-types","https://github.com/facebook/prop-types","MIT","",""
"psl","https://github.com/lupomontero/psl","MIT","",""
"pump","https://github.com/mafintosh/pump","MIT","",""
"punycode","https://github.com/bestiejs/punycode.js","MIT","",""
"qs","https://github.com/ljharb/qs","BSD-3-Clause","",""
"querystring","https://github.com/Gozala/querystring","MIT","",""
"ramda","https://github.com/ramda/ramda","MIT","",""
"raw-body","https://github.com/stream-utils/raw-body","MIT","",""
"react-apollo","https://github.com/apollographql/react-apollo","MIT","",""
"react-dom","https://github.com/facebook/react","MIT","",""
"react-intl","https://github.com/formatjs/react-intl","BSD-3-Clause","",""
"react-is","https://github.com/facebook/react","MIT","",""
"react-test-renderer","https://github.com/facebook/react","MIT","",""
"read-pkg-up","https://github.com/sindresorhus/read-pkg-up","MIT","",""
"read-pkg","https://github.com/sindresorhus/read-pkg","MIT","",""
"readable-stream","https://github.com/nodejs/readable-stream","MIT","",""
"realpath-native","https://github.com/SimenB/realpath-native","MIT","",""
"redent","https://github.com/sindresorhus/redent","MIT","",""
"regenerate-unicode-properties","https://github.com/mathiasbynens/regenerate-unicode-properties","MIT","",""
"regenerate","https://github.com/mathiasbynens/regenerate","MIT","",""
"regenerator-runtime","https://github.com/facebook/regenerator/tree/master/packages/regenerator-runtime","MIT","",""
"regenerator-transform","https://github.com/facebook/regenerator/tree/master/packages/regenerator-transform","MIT","",""
"regex-not","https://github.com/jonschlinkert/regex-not","MIT","",""
"regexpu-core","https://github.com/mathiasbynens/regexpu-core","MIT","",""
"regjsgen","https://github.com/bnjmnt4n/regjsgen","MIT","",""
"regjsparser","https://github.com/jviereck/regjsparser","BSD-2-Clause","",""
"remove-trailing-separator","https://github.com/darsain/remove-trailing-separator","ISC","",""
"repeat-element","https://github.com/jonschlinkert/repeat-element","MIT","",""
"repeat-string","https://github.com/jonschlinkert/repeat-string","MIT","",""
"request-promise-core","https://github.com/request/promise-core","ISC","",""
"request-promise-native","https://github.com/request/request-promise-native","ISC","",""
"request","https://github.com/request/request","Apache-2.0","",""
"require-directory","https://github.com/troygoode/node-require-directory","MIT","",""
"require-main-filename","https://github.com/yargs/require-main-filename","ISC","",""
"resolve-cwd","https://github.com/sindresorhus/resolve-cwd","MIT","",""
"resolve-from","https://github.com/sindresorhus/resolve-from","MIT","",""
"resolve-url","https://github.com/lydell/resolve-url","MIT","",""
"resolve","https://github.com/browserify/resolve","MIT","",""
"ret","https://github.com/fent/ret.js","MIT","",""
"rimraf","https://github.com/isaacs/rimraf","ISC","",""
"rsvp","https://github.com/tildeio/rsvp.js","MIT","",""
"rwlock","https://github.com/71104/rwlock","MIT","",""
"safe-buffer","https://github.com/feross/safe-buffer","MIT","",""
"safe-regex","https://github.com/substack/safe-regex","MIT","",""
"safer-buffer","https://github.com/ChALkeR/safer-buffer","MIT","",""
"sane","https://github.com/amasad/sane","MIT","",""
"sax","https://github.com/isaacs/sax-js","ISC","",""
"saxes","https://github.com/lddubeau/saxes","ISC","",""
"scheduler","https://github.com/facebook/react","MIT","",""
"semver","https://github.com/npm/node-semver","ISC","",""
"set-blocking","https://github.com/yargs/set-blocking","ISC","",""
"set-value","https://github.com/jonschlinkert/set-value","MIT","",""
"setprototypeof","https://github.com/wesleytodd/setprototypeof","ISC","",""
"shallow-equal","https://github.com/moroshko/shallow-equal","MIT","",""
"shebang-command","https://github.com/kevva/shebang-command","MIT","",""
"shebang-regex","https://github.com/sindresorhus/shebang-regex","MIT","",""
"shellwords","https://github.com/jimmycuadra/shellwords","MIT","",""
"signal-exit","https://github.com/tapjs/signal-exit","ISC","",""
"simple",,"MIT","",""
"sisteransi","https://github.com/terkelg/sisteransi","MIT","",""
"slash","https://github.com/sindresorhus/slash","MIT","",""
"snapdragon-node","https://github.com/jonschlinkert/snapdragon-node","MIT","",""
"snapdragon-util","https://github.com/jonschlinkert/snapdragon-util","MIT","",""
"snapdragon","https://github.com/jonschlinkert/snapdragon","MIT","",""
"source-map-resolve","https://github.com/lydell/source-map-resolve","MIT","",""
"source-map-support","https://github.com/evanw/node-source-map-support","MIT","",""
"source-map-url","https://github.com/lydell/source-map-url","MIT","",""
"source-map","http://github.com/mozilla/source-map","BSD-3-Clause","",""
"spdx-correct","https://github.com/jslicense/spdx-correct.js","Apache-2.0","",""
"spdx-exceptions","https://github.com/kemitchell/spdx-exceptions.json","CC-BY-3.0","",""
"spdx-expression-parse","https://github.com/jslicense/spdx-expression-parse.js","MIT","",""
"spdx-license-ids","https://github.com/shinnn/spdx-license-ids","CC0-1.0","",""
"split-string","https://github.com/jonschlinkert/split-string","MIT","",""
"sprintf-js","https://github.com/alexei/sprintf.js","BSD-3-Clause","",""
"sshpk","https://github.com/joyent/node-sshpk","MIT","",""
"stack-utils","https://github.com/tapjs/stack-utils","MIT","",""
"static-extend","https://github.com/jonschlinkert/static-extend","MIT","",""
"stats-lite","https://github.com/brycebaril/node-stats-lite","MIT","",""
"statuses","https://github.com/jshttp/statuses","MIT","",""
"stealthy-require","https://github.com/analog-nico/stealthy-require","ISC","",""
"streamsearch","http://github.com/mscdex/streamsearch","MIT","",""
"string-length","https://github.com/sindresorhus/string-length","MIT","",""
"string-template","https://github.com/Matt-Esch/string-template","MIT","",""
"string-width","https://github.com/sindresorhus/string-width","MIT","",""
"string.prototype.trimend","https://github.com/es-shims/String.prototype.trimEnd","MIT","",""
"string.prototype.trimstart","https://github.com/es-shims/String.prototype.trimStart","MIT","",""
"string_decoder","https://github.com/nodejs/string_decoder","MIT","",""
"strip-ansi","https://github.com/chalk/strip-ansi","MIT","",""
"strip-bom","https://github.com/sindresorhus/strip-bom","MIT","",""
"strip-eof","https://github.com/sindresorhus/strip-eof","MIT","",""
"strip-final-newline","https://github.com/sindresorhus/strip-final-newline","MIT","",""
"strip-indent","https://github.com/sindresorhus/strip-indent","MIT","",""
"supports-color","https://github.com/chalk/supports-color","MIT","",""
"supports-hyperlinks","https://github.com/jamestalmage/supports-hyperlinks","MIT","",""
"symbol-observable","https://github.com/blesh/symbol-observable","MIT","",""
"symbol-tree","https://github.com/jsdom/js-symbol-tree","MIT","",""
"tar-fs","https://github.com/mafintosh/tar-fs","MIT","",""
"tar-stream","https://github.com/mafintosh/tar-stream","MIT","",""
"tdigest","https://github.com/welch/tdigest","MIT","",""
"terminal-link","https://github.com/sindresorhus/terminal-link","MIT","",""
"test-exclude","https://github.com/istanbuljs/test-exclude","ISC","",""
"thriftrw","https://github.com/thriftrw/thriftrw-node","MIT","",""
"throat","https://github.com/ForbesLindesay/throat","MIT","",""
"tmpl","https://github.com/daaku/nodejs-tmpl","BSD-3-Clause","",""
"to-fast-properties","https://github.com/sindresorhus/to-fast-properties","MIT","",""
"to-object-path","https://github.com/jonschlinkert/to-object-path","MIT","",""
"to-regex-range","https://github.com/micromatch/to-regex-range","MIT","",""
"to-regex","https://github.com/jonschlinkert/to-regex","MIT","",""
"toidentifier","https://github.com/component/toidentifier","MIT","",""
"tough-cookie","https://github.com/salesforce/tough-cookie","BSD-3-Clause","",""
"tr46","https://github.com/Sebmaster/tr46.js","MIT","",""
"ts-invariant","https://github.com/apollographql/invariant-packages","MIT","",""
"tslib","https://github.com/Microsoft/tslib","0BSD","",""
"tslint-config-prettier","https://github.com/prettier/tslint-config-prettier","MIT","",""
"tslint-config-vtex","https://github.com/vtex/tslint-config-vtex","MIT","",""
"tslint-eslint-rules","https://github.com/buzinas/tslint-eslint-rules","MIT","",""
"tslint","https://github.com/palantir/tslint","Apache-2.0","",""
"tsscmp","https://github.com/suryagh/tsscmp","MIT","",""
"tsutils","https://github.com/ajafff/tsutils","MIT","",""
"tunnel-agent","https://github.com/mikeal/tunnel-agent","Apache-2.0","",""
"tweetnacl","https://github.com/dchest/tweetnacl-js","Unlicense","",""
"type-check","https://github.com/gkz/type-check","MIT","",""
"type-detect","https://github.com/chaijs/type-detect","MIT","",""
"type-fest","https://github.com/sindresorhus/type-fest","(MIT OR CC0-1.0)","",""
"type-is","https://github.com/jshttp/type-is","MIT","",""
"typedarray-to-buffer","https://github.com/feross/typedarray-to-buffer","MIT","",""
"typescript","https://github.com/Microsoft/TypeScript","Apache-2.0","",""
"unicode-canonical-property-names-ecmascript","https://github.com/mathiasbynens/unicode-canonical-property-names-ecmascript","MIT","",""
"unicode-match-property-ecmascript","https://github.com/mathiasbynens/unicode-match-property-ecmascript","MIT","",""
"unicode-match-property-value-ecmascript","https://github.com/mathiasbynens/unicode-match-property-value-ecmascript","MIT","",""
"unicode-property-aliases-ecmascript","https://github.com/mathiasbynens/unicode-property-aliases-ecmascript","MIT","",""
"union-value","https://github.com/jonschlinkert/union-value","MIT","",""
"universalify","https://github.com/RyanZim/universalify","MIT","",""
"unpipe","https://github.com/stream-utils/unpipe","MIT","",""
"unset-value","https://github.com/jonschlinkert/unset-value","MIT","",""
"uri-js","http://github.com/garycourt/uri-js","BSD-2-Clause","",""
"urijs","https://github.com/medialize/URI.js","MIT","",""
"urix","https://github.com/lydell/urix","MIT","",""
"us-checkout-builder",,"VTEX","",""
"use","https://github.com/jonschlinkert/use","MIT","",""
"util-deprecate","https://github.com/TooTallNate/util-deprecate","MIT","",""
"util.promisify","https://github.com/ljharb/util.promisify","MIT","",""
"uuid","https://github.com/uuidjs/uuid","MIT","",""
"v8-to-istanbul","https://github.com/istanbuljs/v8-to-istanbul","ISC","",""
"validate-npm-package-license","https://github.com/kemitchell/validate-npm-package-license.js","Apache-2.0","",""
"vary","https://github.com/jshttp/vary","MIT","",""
"verror","https://github.com/davepacheco/node-verror","MIT","",""
"vtex.breadcrumbs",,"ISC","",""
"vtex.carousel",,"ISC","",""
"vtex.collections",,"ISC","",""
"vtex.google-adwords",,"ISC","",""
"vtex.google-analytics",,"ISC","",""
"vtex.header",,"ISC","",""
"vtex.menu",,"ISC","",""
"vtex.search-result",,"ISC","",""
"vtex.shelf",,"ISC","",""
"vtex.wishlist",,"ISC","",""
"w3c-hr-time","https://github.com/jsdom/w3c-hr-time","MIT","",""
"w3c-xmlserializer","https://github.com/jsdom/w3c-xmlserializer","MIT","",""
"wait-for-expect","https://github.com/TheBrainFamily/wait-for-expect","MIT","",""
"walker","https://github.com/daaku/nodejs-walker","Apache-2.0","",""
"webidl-conversions","https://github.com/jsdom/webidl-conversions","BSD-2-Clause","",""
"whatwg-encoding","https://github.com/jsdom/whatwg-encoding","MIT","",""
"whatwg-mimetype","https://github.com/jsdom/whatwg-mimetype","MIT","",""
"whatwg-url","https://github.com/jsdom/whatwg-url","MIT","",""
"which-module","https://github.com/nexdrew/which-module","ISC","",""
"which","https://github.com/isaacs/node-which","ISC","",""
"word-wrap","https://github.com/jonschlinkert/word-wrap","MIT","",""
"wrap-ansi","https://github.com/chalk/wrap-ansi","MIT","",""
"wrappy","https://github.com/npm/wrappy","ISC","",""
"write-file-atomic","https://github.com/npm/write-file-atomic","ISC","",""
"ws","https://github.com/websockets/ws","MIT","",""
"xml-name-validator","https://github.com/jsdom/xml-name-validator","Apache-2.0","",""
"xmlchars","https://github.com/lddubeau/xmlchars","MIT","",""
"xorshift","https://github.com/AndreasMadsen/xorshift","MIT","",""
"xss","https://github.com/leizongmin/js-xss","MIT","",""
"xtend","https://github.com/Raynos/xtend","MIT","",""
"y18n","https://github.com/yargs/y18n","ISC","",""
"yallist","https://github.com/isaacs/yallist","ISC","",""
"yargs-parser","https://github.com/yargs/yargs-parser","ISC","",""
"yargs","https://github.com/yargs/yargs","MIT","",""
"yes-no-app",,"MIT","",""
"ylru","https://github.com/node-modules/ylru","MIT","",""
"zen-observable-ts","https://github.com/apollographql/apollo-link","MIT","",""
"zen-observable","https://github.com/zenparsing/zen-observable","MIT","",""
"zip-stream","https://github.com/archiverjs/node-zip-stream","MIT","",""